t,dt,left_rpm,right_rpm,v,w,x,y,theta
1785502363.938654,0.0000,-0.0,-0.0,-0.0000,0.0000,0.0000,0.0000,0.0000
1785502364.038779,0.1001,-0.0,-0.0,-0.0000,0.0000,0.0000,0.0000,0.0000
1785502364.138366,0.0996,-0.0,-0.0,-0.0000,0.0000,0.0000,0.0000,0.0000
1785502364.240569,0.1022,-0.0,-0.0,-0.0000,0.0000,0.0000,0.0000,0.0000
1785502364.341444,0.1009,-0.0,-0.0,-0.0000,0.0000,0.0000,0.0000,0.0000
1785502364.442708,0.1013,-0.0,-0.0,-0.0000,0.0000,0.0000,0.0000,0.0000
1785502364.546417,0.1037,-0.0,-0.0,-0.0000,0.0000,0.0000,0.0000,0.0000
1785502364.651163,0.1047,-0.0,-0.0,-0.0000,0.0000,0.0000,0.0000,0.0000
1785502364.755267,0.1041,-0.0,-0.0,-0.0000,0.0000,0.0000,0.0000,0.0000
1785502364.850817,0.0956,-0.0,-0.0,-0.0000,0.0000,0.0000,0.0000,0.0000
1785502364.952828,0.1020,3.273054599761963,-0.0,0.0096,-0.0556,0.0010,-0.0000,-0.0057
1785502365.068198,0.1154,29.093820571899414,-0.0,0.0853,-0.4945,0.0108,-0.0006,-0.0627
1785502365.157773,0.0896,27.639127731323242,-0.0,0.0810,-0.4698,0.0180,-0.0014,-0.1048
1785502365.259328,0.1016,23.638729095458984,-0.0,0.0693,-0.4018,0.0250,-0.0024,-0.1456
1785502365.354483,0.0952,0.5509641766548157,-0.0,0.0016,-0.0094,0.0251,-0.0024,-0.1465
1785502365.462863,0.1084,-0.18005365133285522,-0.0,-0.0005,0.0031,0.0251,-0.0024,-0.1462
1785502365.556875,0.0940,-0.0,-0.0,-0.0000,0.0000,0.0251,-0.0024,-0.1462
1785502365.673147,0.1163,-0.0,-0.0,-0.0000,0.0000,0.0251,-0.0024,-0.1462
1785502365.805319,0.1322,-0.0,-0.0,-0.0000,0.0000,0.0251,-0.0024,-0.1462
1785502365.919365,0.1140,2.7275454998016357,-0.0,0.0080,-0.0464,0.0260,-0.0026,-0.1515
1785502365.962064,0.0427,29.457490921020508,-0.0,0.0864,-0.5007,0.0296,-0.0032,-0.1728
1785502366.061120,0.0991,28.00279998779297,-0.0,0.0821,-0.4760,0.0376,-0.0050,-0.2200
1785502366.260164,0.1990,27.639127731323242,-0.0,0.0810,-0.4698,0.0529,-0.0099,-0.3135
1785502366.267791,0.0076,27.457292556762695,-0.0,0.0805,-0.4667,0.0535,-0.0101,-0.3171
1785502366.510389,0.2426,27.36815643310547,-0.0,0.0802,-0.4652,0.0712,-0.0182,-0.4299
1785502366.516226,0.0058,27.275455474853516,-0.0,0.0800,-0.4636,0.0716,-0.0184,-0.4326
1785502366.601288,0.0851,27.36455535888672,-0.0,0.0802,-0.4651,0.0777,-0.0215,-0.4722
1785502366.779229,0.1779,27.731863021850586,-0.0,0.0813,-0.4714,0.0900,-0.0292,-0.5561
1785502366.781382,0.0022,28.00279998779297,-0.0,0.0821,-0.4760,0.0901,-0.0293,-0.5571
1785502367.012382,0.2310,28.833791732788086,7.529843807220459,0.1066,-0.3621,0.1099,-0.0440,-0.6408
1785502367.015081,0.0027,31.772266387939453,25.344350814819336,0.1675,-0.1093,0.1102,-0.0443,-0.6410
1785502367.066323,0.0512,32.00320053100586,24.366071701049805,0.1653,-0.1298,0.1170,-0.0494,-0.6477
1785502367.254723,0.1884,31.821365356445312,24.18423843383789,0.1642,-0.1298,0.1412,-0.0686,-0.6722
1785502367.304088,0.0494,31.639528274536133,24.00240135192871,0.1632,-0.1298,0.1475,-0.0737,-0.6786
1785502367.520019,0.2159,30.486684799194336,25.344350814819336,0.1637,-0.0874,0.1746,-0.0964,-0.6974
1785502367.522604,0.0026,30.184837341308594,25.820762634277344,0.1642,-0.0742,0.1749,-0.0967,-0.6976
1785502367.573067,0.0505,30.003000259399414,25.45709228515625,0.1626,-0.0773,0.1811,-0.1020,-0.7015
1785502367.764845,0.1918,30.003000259399414,25.45709228515625,0.1626,-0.0773,0.2047,-0.1225,-0.7163
1785502367.774107,0.0093,29.821165084838867,25.27525520324707,0.1616,-0.0773,0.2058,-0.1234,-0.7171
1785502368.033209,0.2591,25.89531707763672,24.24242401123047,0.1470,-0.0281,0.2343,-0.1487,-0.7243
1785502368.047062,0.0139,24.729745864868164,23.638729095458984,0.1418,-0.0185,0.2358,-0.1500,-0.7246
1785502368.081377,0.0343,21.42638397216797,20.3460636138916,0.1225,-0.0184,0.2389,-0.1528,-0.7252
1785502368.281978,0.2006,0.7273454666137695,0.9091818928718567,0.0048,0.0031,0.2397,-0.1534,-0.7246
1785502368.285194,0.0032,-0.0,-0.0,-0.0000,0.0000,0.2397,-0.1534,-0.7246
1785502368.526565,0.2414,-0.0,-0.0,-0.0000,0.0000,0.2397,-0.1534,-0.7246
1785502368.539196,0.0126,-0.0,-0.0,-0.0000,0.0000,0.2397,-0.1534,-0.7246
1785502368.583852,0.0447,-0.0,-0.0,-0.0000,0.0000,0.2397,-0.1534,-0.7246
1785502368.779684,0.1958,-0.0,-0.0,-0.0000,0.0000,0.2397,-0.1534,-0.7246
1785502368.793263,0.0136,-0.0,-0.0,-0.0000,0.0000,0.2397,-0.1534,-0.7246
1785502369.019084,0.2258,-0.0,-0.0,-0.0000,0.0000,0.2397,-0.1534,-0.7246
1785502369.025770,0.0067,-0.0,-0.0,-0.0000,0.0000,0.2397,-0.1534,-0.7246
1785502369.098644,0.0729,-0.0,-0.0,-0.0000,0.0000,0.2397,-0.1534,-0.7246
1785502369.281565,0.1829,-0.0,-0.0,-0.0000,0.0000,0.2397,-0.1534,-0.7246
1785502369.315967,0.0344,-0.0,-0.0,-0.0000,0.0000,0.2397,-0.1534,-0.7246
1785502369.530178,0.2142,-0.0,-0.0,-0.0000,0.0000,0.2397,-0.1534,-0.7246
1785502369.533435,0.0033,-0.0,-0.0,-0.0000,0.0000,0.2397,-0.1534,-0.7246
1785502369.596623,0.0632,-0.0,-0.0,-0.0000,0.0000,0.2397,-0.1534,-0.7246
1785502369.776280,0.1797,-0.0,-0.0,-0.0000,0.0000,0.2397,-0.1534,-0.7246
1785502369.799173,0.0229,-0.0,-0.0,-0.0000,0.0000,0.2397,-0.1534,-0.7246
1785502370.024242,0.2251,-0.0,-0.0,-0.0000,0.0000,0.2397,-0.1534,-0.7246
1785502370.027159,0.0029,-0.0,-0.0,-0.0000,0.0000,0.2397,-0.1534,-0.7246
1785502370.118475,0.0913,-0.0,-0.0,-0.0000,0.0000,0.2397,-0.1534,-0.7246
1785502370.293640,0.1752,-0.0,-0.0,-0.0000,0.0000,0.2397,-0.1534,-0.7246
1785502370.323049,0.0294,-0.0,-0.0,-0.0000,0.0000,0.2397,-0.1534,-0.7246
1785502370.540186,0.2171,-0.0,-0.0,-0.0000,0.0000,0.2397,-0.1534,-0.7246
1785502370.543229,0.0030,-0.0,-0.0,-0.0000,0.0000,0.2397,-0.1534,-0.7246
1785502370.606285,0.0631,-12.488521575927734,-8.2644624710083,-0.0609,0.0718,0.2368,-0.1509,-0.7201
1785502370.903656,0.2974,-28.80858612060547,-28.628530502319336,-0.1684,0.0031,0.1991,-0.1179,-0.7192
1785502370.906791,0.0031,-28.268423080444336,-27.908315658569336,-0.1647,0.0061,0.1987,-0.1175,-0.7192
1785502370.941046,0.0343,-28.18463706970215,-27.457292556762695,-0.1632,0.0124,0.1945,-0.1139,-0.7187
1785502371.028143,0.0871,-28.00279998779297,-27.275455474853516,-0.1621,0.0124,0.1839,-0.1046,-0.7177
1785502371.141659,0.1135,-27.82096290588379,-27.457292556762695,-0.1621,0.0062,0.1700,-0.0925,-0.7170
1785502371.218832,0.0772,-27.82096290588379,-27.457292556762695,-0.1621,0.0062,0.1606,-0.0843,-0.7165
1785502371.332860,0.1140,-27.728261947631836,-27.008047103881836,-0.1605,0.0122,0.1467,-0.0723,-0.7151
1785502371.426888,0.0940,-27.457292556762695,-26.91178321838379,-0.1594,0.0093,0.1354,-0.0625,-0.7142
1785502371.516799,0.0899,-27.457292556762695,-26.72994613647461,-0.1589,0.0124,0.1246,-0.0531,-0.7131
1785502371.619870,0.1031,-27.09362030029297,-26.72994613647461,-0.1578,0.0062,0.1123,-0.0425,-0.7125
1785502371.719886,0.1000,-27.188100814819336,-26.64794158935547,-0.1579,0.0092,0.1003,-0.0322,-0.7115
1785502371.829377,0.1095,-26.82799530029297,-26.46788787841797,-0.1563,0.0061,0.0874,-0.0210,-0.7109
1785502371.924190,0.0948,-26.82799530029297,-26.287832260131836,-0.1557,0.0092,0.0762,-0.0114,-0.7100
1785502372.024390,0.1002,-26.72994613647461,-28.730146408081055,-0.1626,-0.0340,0.0639,-0.0007,-0.7134
1785502372.156680,0.1323,-26.54810905456543,-28.911983489990234,-0.1626,-0.0402,0.0477,0.0135,-0.7187
1785502372.241376,0.0847,-26.287832260131836,-34.0301399230957,-0.1769,-0.1316,0.0365,0.0234,-0.7299
1785502372.372587,0.1312,-26.184436798095703,-31.275854110717773,-0.1685,-0.0865,0.0202,0.0384,-0.7412
1785502372.458595,0.0860,-26.184436798095703,-32.36687469482422,-0.1717,-0.1051,0.0094,0.0484,-0.7503
1785502372.530454,0.0719,-26.002599716186523,-30.54850959777832,-0.1658,-0.0773,0.0007,0.0566,-0.7558
1785502372.634302,0.1038,-25.820762634277344,-24.366071701049805,-0.1472,0.0247,-0.0104,0.0671,-0.7532
1785502372.734027,0.0997,-25.820762634277344,-26.366273880004883,-0.1530,-0.0093,-0.0215,0.0775,-0.7542
1785502372.834804,0.1008,-25.63892936706543,-29.821165084838867,-0.1626,-0.0711,-0.0334,0.0888,-0.7613
1785502372.937460,0.1027,-25.45709228515625,-25.820762634277344,-0.1504,-0.0062,-0.0446,0.0995,-0.7620
1785502373.040306,0.1028,-25.71166229248047,-24.793386459350586,-0.1481,0.0156,-0.0556,0.1100,-0.7604
1785502373.152058,0.1118,-24.97704315185547,-26.997243881225586,-0.1524,-0.0343,-0.0679,0.1217,-0.7642
1785502373.263180,0.1111,-30.7303466796875,-5.091418266296387,-0.1050,0.4358,-0.0767,0.1294,-0.7158
1785502373.354013,0.0908,-44.47325134277344,37.6312141418457,-0.0201,1.3956,-0.0782,0.1304,-0.5890
1785502373.463980,0.1100,-25.45709228515625,-22.002201080322266,-0.1392,0.0587,-0.0910,0.1388,-0.5825
1785502373.548538,0.0846,-24.66735076904297,-25.92772674560547,-0.1484,-0.0214,-0.1015,0.1458,-0.5844
1785502373.651584,0.1030,-25.09341812133789,-25.820762634277344,-0.1493,-0.0124,-0.1143,0.1543,-0.5856
1785502373.742258,0.0907,-24.911582946777344,-25.27525520324707,-0.1472,-0.0062,-0.1254,0.1616,-0.5862
1785502373.846045,0.1038,-32.912384033203125,4.909581661224365,-0.0821,0.6429,-0.1328,0.1659,-0.5195
1785502373.946163,0.1001,-44.00440216064453,37.821964263916016,-0.0181,1.3909,-0.1345,0.1665,-0.3802
1785502374.045969,0.0998,-28.18463706970215,-10.910181999206543,-0.1146,0.2936,-0.1452,0.1705,-0.3509
1785502374.146469,0.1005,-23.456892013549805,-26.002599716186523,-0.1450,-0.0433,-0.1589,0.1756,-0.3553
1785502374.260975,0.1145,-24.729745864868164,-29.457490921020508,-0.1589,-0.0804,-0.1759,0.1820,-0.3645
1785502374.354342,0.0934,-24.547908782958984,-30.7303466796875,-0.1621,-0.1051,-0.1900,0.1876,-0.3743
1785502374.474986,0.1206,-29.275653839111328,-4.727745532989502,-0.0997,0.4173,-0.2014,0.1914,-0.3239
1785502374.550428,0.0754,-43.09522247314453,38.73114776611328,-0.0128,1.3909,-0.2023,0.1916,-0.2190
1785502374.684384,0.1340,-42.54970932006836,35.458091735839844,-0.0208,1.3260,-0.2051,0.1917,-0.0414
1785502374.754887,0.0705,-42.4926643371582,35.1104621887207,-0.0216,1.3191,-0.2066,0.1916,0.0516
1785502374.855363,0.1005,-42.73154830932617,34.91258239746094,-0.0229,1.3198,-0.2089,0.1912,0.1842
1785502374.957307,0.1019,-42.54970932006836,34.91258239746094,-0.0224,1.3167,-0.2111,0.1905,0.3185
1785502375.059836,0.1025,-33.3099250793457,5.761716842651367,-0.0808,0.6641,-0.2187,0.1874,0.3866
1785502375.162907,0.1031,-22.72954559326172,-27.457292556762695,-0.1472,-0.0804,-0.2328,0.1818,0.3783
1785502375.284909,0.1220,-24.547908782958984,-24.547908782958984,-0.1440,0.0000,-0.2491,0.1753,0.3783
1785502375.527261,0.2424,-24.48729705810547,-24.127187728881836,-0.1425,0.0061,-0.2812,0.1625,0.3798
1785502375.573218,0.0460,-24.18423843383789,-24.18423843383789,-0.1418,0.0000,-0.2873,0.1601,0.3798
1785502375.577644,0.0044,10.98327350616455,-33.1298713684082,-0.0649,-0.7498,-0.2876,0.1600,0.3764
1785502375.666740,0.0891,20.3460636138916,-37.6312141418457,-0.0507,-0.9855,-0.2919,0.1587,0.2886
1785502375.770096,0.1034,-27.275455474853516,-24.18423843383789,-0.1509,0.0525,-0.3068,0.1542,0.2941
1785502375.869744,0.0996,-24.547908782958984,-28.911983489990234,-0.1568,-0.0742,-0.3218,0.1497,0.2867
1785502375.971450,0.1017,-23.456892013549805,-22.9113826751709,-0.1360,0.0093,-0.3351,0.1458,0.2876
1785502376.089660,0.1182,-19.8059024810791,-24.48729705810547,-0.1299,-0.0796,-0.3498,0.1416,0.2782
1785502376.172378,0.0827,40.91318130493164,-41.64052963256836,-0.0021,-1.4032,-0.3500,0.1416,0.1621
1785502376.293458,0.1211,-7.897152900695801,-28.099172592163086,-0.1055,-0.3434,-0.3627,0.1400,0.1206
1785502376.379952,0.0865,-25.45709228515625,-27.457292556762695,-0.1552,-0.0340,-0.3760,0.1385,0.1176
1785502376.475788,0.0958,-24.00240135192871,-24.00240135192871,-0.1408,0.0000,-0.3894,0.1369,0.1176
1785502376.578435,0.1026,9.637327194213867,-32.548709869384766,-0.0672,-0.7171,-0.3963,0.1366,0.0440
1785502376.678321,0.0999,35.2905158996582,-40.51206970214844,-0.0153,-1.2885,-0.3978,0.1367,-0.0847
1785502376.803176,0.1249,-26.72994613647461,-22.365873336791992,-0.1440,0.0742,-0.4157,0.1381,-0.0754
1785502376.889354,0.0862,-24.48729705810547,-24.66735076904297,-0.1441,-0.0031,-0.4281,0.1390,-0.0757
1785502376.985580,0.0962,-23.58702850341797,-24.66735076904297,-0.1415,-0.0184,-0.4417,0.1401,-0.0775
1785502377.089037,0.1035,-23.714641571044922,-23.536334991455078,-0.1385,0.0030,-0.4560,0.1412,-0.0772
1785502377.191067,0.1020,-23.50780487060547,-28.833791732788086,-0.1535,-0.0905,-0.4716,0.1425,-0.0864
1785502377.310364,0.1193,-11.457359313964844,-26.621511459350586,-0.1117,-0.2578,-0.4848,0.1441,-0.1171
1785502377.401779,0.0914,42.13255310058594,-41.4123420715332,0.0021,-1.4201,-0.4846,0.1440,-0.2470
1785502377.505187,0.1034,-22.002201080322266,-23.093217849731445,-0.1322,-0.0185,-0.4979,0.1474,-0.2489
1785502377.599476,0.0943,-24.18423843383789,-24.18423843383789,-0.1418,0.0000,-0.5108,0.1507,-0.2489
1785502377.702730,0.1033,-23.456892013549805,-22.9113826751709,-0.1360,0.0093,-0.5244,0.1541,-0.2479
1785502377.802286,0.0996,-23.093217849731445,-23.093217849731445,-0.1354,0.0000,-0.5375,0.1574,-0.2479
1785502377.902847,0.1006,-23.22692108154297,-23.4069766998291,-0.1367,-0.0031,-0.5508,0.1608,-0.2482
1785502378.003896,0.1010,-23.093217849731445,-24.547908782958984,-0.1397,-0.0247,-0.5645,0.1643,-0.2507
1785502378.104613,0.1007,-22.9113826751709,-29.821165084838867,-0.1546,-0.1175,-0.5796,0.1684,-0.2626
1785502378.207005,0.1024,-15.637927055358887,-14.001399993896484,-0.0869,0.0278,-0.5882,0.1706,-0.2597
1785502378.324015,0.1170,-0.0,-0.0,-0.0000,0.0000,-0.5882,0.1706,-0.2597
1785502378.413307,0.0893,-0.0,-0.0,-0.0000,0.0000,-0.5882,0.1706,-0.2597
1785502378.516248,0.1029,-0.0,-0.0,-0.0000,0.0000,-0.5882,0.1706,-0.2597
1785502378.608685,0.0924,0.36367273330688477,-0.36367273330688477,0.0000,-0.0124,-0.5882,0.1706,-0.2608
1785502378.710655,0.1020,38.91298294067383,-37.09461975097656,0.0053,-1.2920,-0.5877,0.1704,-0.3926
1785502378.814224,0.1036,5.818763732910156,-32.548709869384766,-0.0784,-0.6522,-0.5949,0.1740,-0.4601
1785502378.912420,0.0982,-30.7303466796875,-26.91178321838379,-0.1690,0.0649,-0.6098,0.1813,-0.4538
1785502379.018036,0.1056,-28.366474151611328,-33.457889556884766,-0.1813,-0.0865,-0.6270,0.1899,-0.4629
1785502379.114547,0.0965,-28.18463706970215,-28.911983489990234,-0.1674,-0.0124,-0.6414,0.1971,-0.4641
1785502379.215359,0.1008,-28.00279998779297,-28.366474151611328,-0.1653,-0.0062,-0.6563,0.2046,-0.4647
1785502379.320775,0.1054,-27.908315658569336,-28.08837127685547,-0.1642,-0.0031,-0.6718,0.2123,-0.4650
1785502379.429109,0.1083,-27.82096290588379,-27.82096290588379,-0.1632,0.0000,-0.6876,0.2203,-0.4650
1785502379.529155,0.1000,-27.639127731323242,-28.730146408081055,-0.1653,-0.0185,-0.7024,0.2277,-0.4669
1785502379.622720,0.0936,-27.457292556762695,-27.457292556762695,-0.1610,0.0000,-0.7158,0.2345,-0.4669
1785502379.744149,0.1214,-27.457292556762695,-28.00279998779297,-0.1626,-0.0093,-0.7334,0.2434,-0.4680
1785502379.825156,0.0810,-27.275455474853516,-28.366474151611328,-0.1632,-0.0185,-0.7452,0.2494,-0.4695
1785502379.923709,0.0986,-27.09362030029297,-27.82096290588379,-0.1610,-0.0124,-0.7594,0.2566,-0.4707
1785502380.024607,0.1009,-27.09362030029297,-27.275455474853516,-0.1594,-0.0031,-0.7737,0.2639,-0.4711
1785502380.127879,0.1033,-26.82799530029297,-27.188100814819336,-0.1584,-0.0061,-0.7883,0.2713,-0.4717
1785502380.227200,0.0993,-26.72994613647461,-26.72994613647461,-0.1568,0.0000,-0.8021,0.2784,-0.4717
1785502380.328906,0.1017,19.092819213867188,-38.185638427734375,-0.0560,-0.9736,-0.8069,0.2814,-0.5707
1785502380.445256,0.1163,39.09482192993164,-44.00440216064453,-0.0144,-1.4125,-0.8082,0.2826,-0.7351
1785502380.538580,0.0933,43.09522247314453,-36.91278076171875,0.0181,-1.3600,-0.8071,0.2813,-0.8620
1785502380.634142,0.0956,42.36787414550781,-36.91278076171875,0.0160,-1.3476,-0.8062,0.2800,-0.9908
1785502380.735203,0.1011,42.36787414550781,-36.549110412597656,0.0171,-1.3414,-0.8055,0.2785,-1.1263
1785502380.833742,0.0985,42.36787414550781,-37.09461975097656,0.0155,-1.3507,-0.8050,0.2770,-1.2594
1785502380.936308,0.1026,42.3126106262207,-36.7309455871582,0.0164,-1.3436,-0.8047,0.2753,-1.3972
1785502381.038247,0.1019,42.3126106262207,-37.0910530090332,0.0153,-1.3497,-0.8047,0.2738,-1.5348
1785502381.273362,0.2351,42.13255310058594,-36.9109992980957,0.0153,-1.3436,-0.8057,0.2703,-1.8507
1785502381.275103,0.0017,42.13255310058594,-36.5508918762207,0.0164,-1.3375,-0.8057,0.2703,-1.8530
1785502381.342750,0.0676,42.18603515625,-36.36727523803711,0.0171,-1.3352,-0.8061,0.2692,-1.9434
1785502381.522368,0.1796,42.00419998168945,-36.36727523803711,0.0165,-1.3322,-0.8078,0.2668,-2.1826
1785502381.564699,0.0423,42.18603515625,-36.7309455871582,0.0160,-1.3414,-0.8082,0.2663,-2.2394
1785502381.774434,0.2097,41.95249938964844,-37.0910530090332,0.0143,-1.3436,-0.8107,0.2645,-2.5212
1785502381.774506,0.0001,41.82236862182617,-37.09461975097656,0.0139,-1.3414,-0.8107,0.2645,-2.5213
1785502381.851272,0.0768,41.82236862182617,-37.09461975097656,0.0139,-1.3414,-0.8116,0.2640,-2.6243
1785502382.252849,0.4016,41.77244567871094,-37.0910530090332,0.0137,-1.3405,-0.8171,0.2641,-3.1626
1785502382.252915,0.0001,41.59239196777344,-37.0910530090332,0.0132,-1.3375,-0.8171,0.2641,-3.1627
1785502382.265777,0.0129,41.64052963256836,-37.09461975097656,0.0133,-1.3383,-0.8173,0.2641,-3.1799
1785502382.305064,0.0393,41.59239196777344,-37.0910530090332,0.0132,-1.3375,-0.8178,0.2642,-3.2325
1785502382.501288,0.1962,41.45869445800781,-37.09461975097656,0.0128,-1.3352,-0.8201,0.2650,-3.4945
1785502382.509921,0.0086,41.45869445800781,-36.549110412597656,0.0144,-1.3260,-0.8203,0.2651,-3.5059
1785502382.588276,0.0784,41.27685546875,-36.7309455871582,0.0133,-1.3260,-0.8212,0.2656,-3.6098
1785502382.788226,0.1999,41.27685546875,-36.7309455871582,0.0133,-1.3260,-0.8232,0.2673,-3.8749
1785502383.773850,0.9856,41.27685546875,-36.1854362487793,0.0149,-1.3167,-0.8166,0.2805,-5.1727
1785502383.775822,0.0020,41.4123420715332,-36.7309455871582,0.0137,-1.3283,-0.8166,0.2805,-5.1753
1785502383.814864,0.0390,41.0522346496582,-36.3708381652832,0.0137,-1.3160,-0.8164,0.2810,-5.2267
1785502383.815874,0.0010,38.00379943847656,-33.457889556884766,0.0133,-1.2147,-0.8163,0.2810,-5.2279
1785502383.832242,0.0164,1.8183637857437134,-1.6365272998809814,0.0005,-0.0587,-0.8163,0.2810,-5.2289
1785502384.055381,0.2231,-0.0,-0.0,-0.0000,0.0000,-0.8163,0.2810,-5.2289
1785502384.095894,0.0405,-0.0,-0.0,-0.0000,0.0000,-0.8163,0.2810,-5.2289
1785502384.277784,0.1819,-0.0,-0.0,-0.0000,0.0000,-0.8163,0.2810,-5.2289
1785502384.341400,0.0636,-0.0,-0.0,-0.0000,0.0000,-0.8163,0.2810,-5.2289
1785502384.344760,0.0034,32.00320053100586,-29.457490921020508,0.0075,-1.0447,-0.8163,0.2811,-5.2324
1785502384.526057,0.1813,42.00419998168945,-40.18583679199219,0.0053,-1.3971,-0.8157,0.2817,-5.4857
1785502384.528509,0.0025,22.184038162231445,-21.638526916503906,0.0016,-0.7449,-0.8157,0.2817,-5.4875
1785502384.531526,0.0030,-0.0,-0.0,-0.0000,0.0000,-0.8157,0.2817,-5.4875
1785502384.574583,0.0431,-0.0,-0.0,-0.0000,0.0000,-0.8157,0.2817,-5.4875
1785502384.583029,0.0084,-0.0,-0.0,-0.0000,0.0000,-0.8157,0.2817,-5.4875
1785502384.772087,0.1891,-0.0,-0.0,-0.0000,0.0000,-0.8157,0.2817,-5.4875
1785502384.777234,0.0051,-0.0,-0.0,-0.0000,0.0000,-0.8157,0.2817,-5.4875
1785502384.855850,0.0786,-0.0,-0.0,-0.0000,0.0000,-0.8157,0.2817,-5.4875
1785502385.068417,0.2126,-0.0,-0.0,-0.0000,0.0000,-0.8157,0.2817,-5.4875
1785502385.070614,0.0022,-0.0,-0.0,-0.0000,0.0000,-0.8157,0.2817,-5.4875
1785502385.097826,0.0272,-0.0,-0.0,-0.0000,0.0000,-0.8157,0.2817,-5.4875
1785502385.278191,0.1804,13.455891609191895,-12.910381317138672,0.0016,-0.4482,-0.8154,0.2819,-5.5684
1785502385.281512,0.0033,43.09522247314453,-41.09502029418945,0.0059,-1.4311,-0.8154,0.2819,-5.5731
1785502385.284492,0.0030,37.64012908935547,-36.1854362487793,0.0043,-1.2549,-0.8154,0.2820,-5.5769
1785502385.311050,0.0266,1.8183637857437134,-2.000200033187866,-0.0005,-0.0649,-0.8154,0.2819,-5.5786
1785502385.358698,0.0476,-0.0,-0.0,-0.0000,0.0000,-0.8154,0.2819,-5.5786
1785502385.532530,0.1738,-0.0,-0.0,-0.0000,0.0000,-0.8154,0.2819,-5.5786
1785502385.541001,0.0085,-0.0,-0.0,-0.0000,0.0000,-0.8154,0.2819,-5.5786
1785502385.615526,0.0745,-0.0,-0.0,-0.0000,0.0000,-0.8154,0.2819,-5.5786
1785502385.852563,0.2370,-0.0,-0.0,-0.0000,0.0000,-0.8154,0.2819,-5.5786
1785502385.856205,0.0036,-0.0,-0.0,-0.0000,0.0000,-0.8154,0.2819,-5.5786
1785502385.906578,0.0504,-0.0,-0.0,-0.0000,0.0000,-0.8154,0.2819,-5.5786
1785502386.007727,0.1011,-0.0,-0.0,-0.0000,0.0000,-0.8154,0.2819,-5.5786
1785502386.109968,0.1022,-0.0,-0.0,-0.0000,0.0000,-0.8154,0.2819,-5.5786
1785502386.210855,0.1009,-0.0,-0.0,-0.0000,0.0000,-0.8154,0.2819,-5.5786
1785502386.315112,0.1043,-0.0,-0.0,-0.0000,0.0000,-0.8154,0.2819,-5.5786
1785502386.419952,0.1048,-0.0,-0.0,-0.0000,0.0000,-0.8154,0.2819,-5.5786
1785502386.513859,0.0939,-0.0,-0.0,-0.0000,0.0000,-0.8154,0.2819,-5.5786
1785502386.623886,0.1100,-13.637727737426758,11.27385425567627,-0.0069,0.4234,-0.8160,0.2814,-5.5320
1785502386.716609,0.0927,-41.59239196777344,40.33201599121094,-0.0037,1.3926,-0.8162,0.2812,-5.4029
1785502386.819151,0.1025,-6.727945804595947,6.727945804595947,0.0000,0.2287,-0.8162,0.2812,-5.3794
1785502386.918274,0.0991,-0.0,-0.0,-0.0000,0.0000,-0.8162,0.2812,-5.3794
1785502387.048985,0.1307,-0.0,-0.0,-0.0000,0.0000,-0.8162,0.2812,-5.3794
1785502387.150069,0.1011,-38.54930877685547,34.73074722290039,-0.0112,1.2456,-0.8168,0.2802,-5.2535
1785502387.221667,0.0716,-37.821964263916016,36.1854362487793,-0.0048,1.2580,-0.8169,0.2799,-5.1634
1785502387.321506,0.0998,-2.0202019214630127,2.2038567066192627,0.0005,0.0718,-0.8169,0.2799,-5.1563
1785502387.423928,0.1024,-0.0,-0.0,-0.0000,0.0000,-0.8169,0.2799,-5.1563
1785502387.525460,0.1015,-0.0,-0.0,-0.0000,0.0000,-0.8169,0.2799,-5.1563
1785502387.642833,0.1174,-0.0,-0.0,-0.0000,0.0000,-0.8169,0.2799,-5.1563
1785502387.759295,0.1165,-0.0,-0.0,-0.0000,0.0000,-0.8169,0.2799,-5.1563
1785502387.840143,0.0808,-0.0,-0.0,-0.0000,0.0000,-0.8169,0.2799,-5.1563
1785502387.929239,0.0891,-0.0,-0.0,-0.0000,0.0000,-0.8169,0.2799,-5.1563
1785502388.028003,0.0988,-0.0,-0.0,-0.0000,0.0000,-0.8169,0.2799,-5.1563
1785502388.129138,0.1011,-16.00160026550293,-13.092218399047852,-0.0853,0.0495,-0.8206,0.2721,-5.1513
1785502388.233148,0.1040,-29.017446517944336,-33.97612380981445,-0.1847,-0.0843,-0.8289,0.2548,-5.1600
1785502388.330254,0.0971,-28.099172592163086,-27.18090057373047,-0.1621,0.0156,-0.8357,0.2406,-5.1585
1785502388.430774,0.1005,-28.00279998779297,-28.730146408081055,-0.1663,-0.0124,-0.8429,0.2255,-5.1598
1785502388.586612,0.1558,-27.908315658569336,-30.068960189819336,-0.1700,-0.0367,-0.8545,0.2017,-5.1655
1785502388.658086,0.0715,-27.82096290588379,-30.7303466796875,-0.1717,-0.0495,-0.8599,0.1907,-5.1690
1785502388.842088,0.1840,-27.639127731323242,-32.185035705566406,-0.1754,-0.0773,-0.8746,0.1619,-5.1832
1785502388.868962,0.0269,-27.457292556762695,-27.457292556762695,-0.1610,0.0000,-0.8765,0.1581,-5.1832
1785502388.941210,0.0722,-27.457292556762695,-30.366674423217773,-0.1695,-0.0495,-0.8821,0.1472,-5.1868
1785502389.043653,0.1024,-27.09362030029297,-30.003000259399414,-0.1674,-0.0495,-0.8900,0.1320,-5.1919
1785502389.139539,0.0959,-27.188100814819336,-27.188100814819336,-0.1594,0.0000,-0.8971,0.1184,-5.1919
1785502389.256123,0.1166,-26.91178321838379,-27.639127731323242,-0.1600,-0.0124,-0.9057,0.1019,-5.1933
1785502389.373170,0.1170,-26.82799530029297,-27.008047103881836,-0.1579,-0.0031,-0.9143,0.0855,-5.1937
1785502389.444725,0.0716,-26.82799530029297,-27.188100814819336,-0.1584,-0.0061,-0.9195,0.0754,-5.1941
1785502389.549196,0.1045,-26.64794158935547,-26.46788787841797,-0.1557,0.0031,-0.9270,0.0610,-5.1938
1785502389.676817,0.1276,-26.46788787841797,-31.689441680908203,-0.1705,-0.0888,-0.9373,0.0418,-5.2051
1785502389.763314,0.0865,-26.262624740600586,-27.548208236694336,-0.1578,-0.0219,-0.9438,0.0298,-5.2070
1785502389.886071,0.1228,-26.287832260131836,-25.74767303466797,-0.1526,0.0092,-0.9527,0.0133,-5.2059
1785502389.975217,0.0891,-26.184436798095703,-25.820762634277344,-0.1525,0.0062,-0.9591,0.0014,-5.2053
1785502390.053025,0.0778,-26.002599716186523,-25.820762634277344,-0.1520,0.0031,-0.9647,-0.0091,-5.2051
1785502390.153711,0.1007,-25.820762634277344,-25.820762634277344,-0.1514,0.0000,-0.9719,-0.0225,-5.2051
1785502390.262650,0.1089,-25.92772674560547,-30.609121322631836,-0.1658,-0.0796,-0.9806,-0.0383,-5.2138
1785502390.359259,0.0966,-25.567617416381836,-24.66735076904297,-0.1473,0.0153,-0.9874,-0.0508,-5.2123
1785502390.463789,0.1045,-25.45709228515625,-25.45709228515625,-0.1493,0.0000,-0.9949,-0.0645,-5.2123
1785502390.771547,0.3078,-25.45709228515625,-25.09341812133789,-0.1482,0.0062,-1.0167,-0.1046,-5.2104
1785502390.956125,0.1846,-25.27525520324707,-25.45709228515625,-0.1488,-0.0031,-1.0298,-0.1287,-5.2109
1785502391.232098,0.2760,-25.20751190185547,-25.20751190185547,-0.1478,0.0000,-1.0493,-0.1645,-5.2109
1785502391.232137,0.0000,-25.09341812133789,-25.27525520324707,-0.1477,-0.0031,-1.0493,-0.1645,-5.2109
1785502391.392515,0.1604,-17.8253116607666,-18.1854190826416,-0.1056,-0.0061,-1.0575,-0.1794,-5.2119
1785502391.543693,0.1512,-0.0,-0.18183636665344238,-0.0005,-0.0031,-1.0575,-0.1795,-5.2124
1785502391.546716,0.0030,-0.0,-0.0,-0.0000,0.0000,-1.0575,-0.1795,-5.2124
1785502391.647532,0.1008,-0.0,-0.0,-0.0000,0.0000,-1.0575,-0.1795,-5.2124
1785502391.708236,0.0607,-0.0,-0.0,-0.0000,0.0000,-1.0575,-0.1795,-5.2124
1785502391.853684,0.1454,-0.0,-0.0,-0.0000,0.0000,-1.0575,-0.1795,-5.2124
1785502391.895891,0.0422,-0.0,-0.0,-0.0000,0.0000,-1.0575,-0.1795,-5.2124
1785502391.945229,0.0493,-0.0,-0.0,-0.0000,0.0000,-1.0575,-0.1795,-5.2124
1785502392.050006,0.1048,-0.0,-0.0,-0.0000,0.0000,-1.0575,-0.1795,-5.2124
1785502392.401618,0.3516,-0.0,-0.0,-0.0000,0.0000,-1.0575,-0.1795,-5.2124
1785502392.420197,0.0186,-0.0,-0.0,-0.0000,0.0000,-1.0575,-0.1795,-5.2124
1785502392.465069,0.0449,-0.0,-0.0,-0.0000,0.0000,-1.0575,-0.1795,-5.2124
1785502392.571711,0.1066,-0.0,-0.0,-0.0000,0.0000,-1.0575,-0.1795,-5.2124
1785502392.733067,0.1614,-0.0,-0.0,-0.0000,0.0000,-1.0575,-0.1795,-5.2124
1785502392.837932,0.1049,-0.0,-0.0,-0.0000,0.0000,-1.0575,-0.1795,-5.2124
1785502392.966250,0.1283,-0.0,-0.0,-0.0000,0.0000,-1.0575,-0.1795,-5.2124
1785502393.107979,0.1417,-0.0,-0.0,-0.0000,0.0000,-1.0575,-0.1795,-5.2124
1785502393.144510,0.0365,-0.0,-0.0,-0.0000,0.0000,-1.0575,-0.1795,-5.2124
1785502393.262578,0.1181,-0.0,-0.0,-0.0000,0.0000,-1.0575,-0.1795,-5.2124
1785502393.379873,0.1173,-0.0,-0.0,-0.0000,0.0000,-1.0575,-0.1795,-5.2124
1785502393.416311,0.0364,-0.0,-0.0,-0.0000,0.0000,-1.0575,-0.1795,-5.2124
1785502393.516974,0.1007,-0.0,-0.0,-0.0000,0.0000,-1.0575,-0.1795,-5.2124
1785502393.559291,0.0423,-0.0,-0.0,-0.0000,0.0000,-1.0575,-0.1795,-5.2124
1785502393.677256,0.1180,-0.0,-0.0,-0.0000,0.0000,-1.0575,-0.1795,-5.2124
1785502393.734694,0.0574,-0.0,-0.0,-0.0000,0.0000,-1.0575,-0.1795,-5.2124
1785502393.777550,0.0429,-0.0,-0.0,-0.0000,0.0000,-1.0575,-0.1795,-5.2124
1785502393.860760,0.0832,-0.0,-0.0,-0.0000,0.0000,-1.0575,-0.1795,-5.2124
1785502393.970025,0.1093,-0.0,-0.0,-0.0000,0.0000,-1.0575,-0.1795,-5.2124
1785502394.002542,0.0325,-0.0,-0.0,-0.0000,0.0000,-1.0575,-0.1795,-5.2124
1785502394.081373,0.0788,-0.0,-0.0,-0.0000,0.0000,-1.0575,-0.1795,-5.2124
1785502394.190209,0.1088,-0.0,-0.0,-0.0000,0.0000,-1.0575,-0.1795,-5.2124
1785502394.287370,0.0972,-0.0,-0.0,-0.0000,0.0000,-1.0575,-0.1795,-5.2124
1785502394.309860,0.0225,-0.0,-0.0,-0.0000,0.0000,-1.0575,-0.1795,-5.2124
1785502394.421737,0.1119,-0.0,-0.0,-0.0000,0.0000,-1.0575,-0.1795,-5.2124
1785502394.475573,0.0538,-0.0,-0.0,-0.0000,0.0000,-1.0575,-0.1795,-5.2124
1785502394.503420,0.0278,-0.0,-0.0,-0.0000,0.0000,-1.0575,-0.1795,-5.2124
1785502394.604588,0.1012,-0.0,-0.0,-0.0000,0.0000,-1.0575,-0.1795,-5.2124
1785502394.704810,0.1002,-0.0,-0.0,-0.0000,0.0000,-1.0575,-0.1795,-5.2124
1785502394.808633,0.1038,-0.0,-0.0,-0.0000,0.0000,-1.0575,-0.1795,-5.2124
1785502394.906671,0.0980,-0.0,-0.0,-0.0000,0.0000,-1.0575,-0.1795,-5.2124
1785502395.066657,0.1600,-0.0,-0.0,-0.0000,0.0000,-1.0575,-0.1795,-5.2124
1785502395.168686,0.1020,-0.0,-0.0,-0.0000,0.0000,-1.0575,-0.1795,-5.2124
1785502395.234711,0.0660,-0.0,-0.0,-0.0000,0.0000,-1.0575,-0.1795,-5.2124
1785502395.315134,0.0804,-0.0,-0.0,-0.0000,0.0000,-1.0575,-0.1795,-5.2124
1785502395.415114,0.1000,-0.0,-0.0,-0.0000,0.0000,-1.0575,-0.1795,-5.2124
1785502395.519331,0.1042,-0.0,-0.0,-0.0000,0.0000,-1.0575,-0.1795,-5.2124
1785502395.618759,0.0994,-0.0,-0.0,-0.0000,0.0000,-1.0575,-0.1795,-5.2124
1785502395.719699,0.1009,-0.0,-0.0,-0.0000,0.0000,-1.0575,-0.1795,-5.2124
1785502395.822433,0.1027,-0.0,-0.0,-0.0000,0.0000,-1.0575,-0.1795,-5.2124
1785502395.937617,0.1152,-0.0,-0.0,-0.0000,0.0000,-1.0575,-0.1795,-5.2124
1785502396.042384,0.1048,-0.0,-0.0,-0.0000,0.0000,-1.0575,-0.1795,-5.2124
1785502396.298006,0.2556,-0.0,-0.0,-0.0000,0.0000,-1.0575,-0.1795,-5.2124
1785502396.317085,0.0191,-0.0,-0.0,-0.0000,0.0000,-1.0575,-0.1795,-5.2124
1785502396.340359,0.0233,-0.0,-0.0,-0.0000,0.0000,-1.0575,-0.1795,-5.2124
1785502396.562391,0.2220,-0.0,-0.0,-0.0000,0.0000,-1.0575,-0.1795,-5.2124
1785502396.759938,0.1975,-0.0,-0.0,-0.0000,0.0000,-1.0575,-0.1795,-5.2124
1785502396.797561,0.0376,-0.0,-0.0,-0.0000,0.0000,-1.0575,-0.1795,-5.2124
1785502396.822499,0.0249,-0.0,-0.0,-0.0000,0.0000,-1.0575,-0.1795,-5.2124
1785502396.850615,0.0281,-0.0,-0.0,-0.0000,0.0000,-1.0575,-0.1795,-5.2124
1785502397.011617,0.1610,-0.0,-0.0,-0.0000,0.0000,-1.0575,-0.1795,-5.2124
1785502397.290737,0.2791,-0.36367273330688477,0.36367273330688477,0.0000,0.0124,-1.0575,-0.1795,-5.2089
1785502397.512586,0.2218,-34.00339889526367,31.639528274536133,-0.0069,1.1158,-1.0579,-0.1810,-4.9614
1785502397.533399,0.0208,-1.454690933227539,1.454690933227539,0.0000,0.0495,-1.0579,-0.1810,-4.9604
1785502397.560132,0.0267,-0.0,-0.0,-0.0000,0.0000,-1.0579,-0.1810,-4.9604
1785502397.588907,0.0288,-0.0,-0.0,-0.0000,0.0000,-1.0579,-0.1810,-4.9604
1785502397.756310,0.1674,-0.0,-0.0,-0.0000,0.0000,-1.0579,-0.1810,-4.9604
1785502397.776596,0.0203,-0.0,-0.0,-0.0000,0.0000,-1.0579,-0.1810,-4.9604
1785502397.803796,0.0272,-0.0,-0.0,-0.0000,0.0000,-1.0579,-0.1810,-4.9604
1785502397.845265,0.0415,-0.36367273330688477,0.36367273330688477,0.0000,0.0124,-1.0579,-0.1810,-4.9599
1785502398.084252,0.2390,-37.6312141418457,35.8306770324707,-0.0053,1.2487,-1.0578,-0.1822,-4.6614
1785502398.086477,0.0022,-36.7309455871582,35.4705696105957,-0.0037,1.2273,-1.0578,-0.1822,-4.6587
1785502398.268527,0.1821,-5.27325439453125,3.6367275714874268,-0.0048,0.1515,-1.0577,-0.1831,-4.6311
1785502398.298197,0.0297,-40.91318130493164,38.00379943847656,-0.0085,1.3414,-1.0577,-0.1833,-4.5913
1785502398.355060,0.0569,-28.730146408081055,27.82096290588379,-0.0027,0.9613,-1.0577,-0.1835,-4.5367
1785502398.510440,0.1554,-0.18183636665344238,0.36367273330688477,0.0005,0.0093,-1.0577,-0.1834,-4.5352
1785502398.558645,0.0482,-0.0,-0.0,-0.0000,0.0000,-1.0577,-0.1834,-4.5352
1785502398.763335,0.2047,-0.0,-0.0,-0.0000,0.0000,-1.0577,-0.1834,-4.5352
1785502398.837110,0.0738,-0.0,-0.0,-0.0000,0.0000,-1.0577,-0.1834,-4.5352
1785502398.858175,0.0211,-0.0,-0.0,-0.0000,0.0000,-1.0577,-0.1834,-4.5352
1785502399.026665,0.1685,-0.0,-0.0,-0.0000,0.0000,-1.0577,-0.1834,-4.5352
1785502399.060055,0.0334,-0.0,-0.0,-0.0000,0.0000,-1.0577,-0.1834,-4.5352
1785502399.265709,0.2057,-0.0,-0.0,-0.0000,0.0000,-1.0577,-0.1834,-4.5352
1785502399.301534,0.0358,-0.0,-0.0,-0.0000,0.0000,-1.0577,-0.1834,-4.5352
1785502399.515542,0.2140,8.10241413116455,-7.742306709289551,0.0011,-0.2693,-1.0577,-0.1832,-4.5929
1785502399.557647,0.0421,0.36367273330688477,-0.36367273330688477,0.0000,-0.0124,-1.0577,-0.1832,-4.5934
1785502399.585110,0.0275,-0.0,-0.0,-0.0000,0.0000,-1.0577,-0.1832,-4.5934
1785502399.771625,0.1865,-0.0,-0.0,-0.0000,0.0000,-1.0577,-0.1832,-4.5934
1785502399.796224,0.0246,-0.0,-0.0,-0.0000,0.0000,-1.0577,-0.1832,-4.5934
1785502400.018892,0.2227,22.54770851135254,-21.45669174194336,0.0032,-0.7480,-1.0577,-0.1825,-4.7600
1785502400.021705,0.0028,42.54970932006836,-40.00400161743164,0.0075,-1.4032,-1.0577,-0.1825,-4.7639
1785502400.080980,0.0593,37.821964263916016,-35.8217658996582,0.0059,-1.2518,-1.0576,-0.1821,-4.8381
1785502400.294185,0.2132,1.8183637857437134,-2.000200033187866,-0.0005,-0.0649,-1.0577,-0.1822,-4.8519
1785502400.532094,0.2379,-0.0,-0.0,-0.0000,0.0000,-1.0577,-0.1822,-4.8519
1785502400.594512,0.0624,-0.0,-0.0,-0.0000,0.0000,-1.0577,-0.1822,-4.8519
1785502400.842749,0.2482,-0.0,-0.0,-0.0000,0.0000,-1.0577,-0.1822,-4.8519
1785502400.930699,0.0880,-0.0,-0.0,-0.0000,0.0000,-1.0577,-0.1822,-4.8519
1785502401.046487,0.1158,-0.0,-0.0,-0.0000,0.0000,-1.0577,-0.1822,-4.8519
1785502401.114530,0.0680,-0.0,-0.0,-0.0000,0.0000,-1.0577,-0.1822,-4.8519
1785502401.215079,0.1005,-0.0,-0.0,-0.0000,0.0000,-1.0577,-0.1822,-4.8519
1785502401.249835,0.0348,-0.0,-0.0,-0.0000,0.0000,-1.0577,-0.1822,-4.8519
1785502401.312278,0.0624,-0.0,-0.0,-0.0000,0.0000,-1.0577,-0.1822,-4.8519
1785502401.407803,0.0955,-0.0,-0.0,-0.0000,0.0000,-1.0577,-0.1822,-4.8519
1785502401.518719,0.1109,-0.0,-0.0,-0.0000,0.0000,-1.0577,-0.1822,-4.8519
1785502401.613492,0.0948,-0.0,-0.0,-0.0000,0.0000,-1.0577,-0.1822,-4.8519
1785502401.736227,0.1227,-0.0,-0.0,-0.0000,0.0000,-1.0577,-0.1822,-4.8519
1785502401.795833,0.0596,-0.0,-0.0,-0.0000,0.0000,-1.0577,-0.1822,-4.8519
1785502401.878351,0.0825,-0.0,-0.0,-0.0000,0.0000,-1.0577,-0.1822,-4.8519
1785502401.977429,0.0991,-0.0,-0.0,-0.0000,0.0000,-1.0577,-0.1822,-4.8519
1785502402.142160,0.1647,-0.0,-0.0,-0.0000,0.0000,-1.0577,-0.1822,-4.8519
1785502402.246256,0.1041,-0.0,-0.0,-0.0000,0.0000,-1.0577,-0.1822,-4.8519
1785502402.250160,0.0039,-0.0,-0.0,-0.0000,0.0000,-1.0577,-0.1822,-4.8519
1785502402.400431,0.1503,-0.0,-0.0,-0.0000,0.0000,-1.0577,-0.1822,-4.8519
1785502402.596106,0.1957,-0.0,-0.0,-0.0000,0.0000,-1.0577,-0.1822,-4.8519
1785502402.723842,0.1277,-0.0,-0.0,-0.0000,0.0000,-1.0577,-0.1822,-4.8519
1785502402.789299,0.0655,-0.0,-0.0,-0.0000,0.0000,-1.0577,-0.1822,-4.8519
1785502402.959517,0.1702,-0.0,-0.0,-0.0000,0.0000,-1.0577,-0.1822,-4.8519
1785502402.991822,0.0323,-0.0,-0.0,-0.0000,0.0000,-1.0577,-0.1822,-4.8519
1785502403.187768,0.1959,-0.0,-0.0,-0.0000,0.0000,-1.0577,-0.1822,-4.8519
1785502403.259060,0.0713,-0.0,-0.0,-0.0000,0.0000,-1.0577,-0.1822,-4.8519
1785502403.347438,0.0884,-0.0,-0.0,-0.0000,0.0000,-1.0577,-0.1822,-4.8519
1785502403.418815,0.0714,-0.0,-0.0,-0.0000,0.0000,-1.0577,-0.1822,-4.8519
1785502403.457636,0.0388,-0.0,-0.0,-0.0000,0.0000,-1.0577,-0.1822,-4.8519
1785502403.654730,0.1971,-0.0,-0.0,-0.0000,0.0000,-1.0577,-0.1822,-4.8519
1785502403.720167,0.0654,-0.0,-0.0,-0.0000,0.0000,-1.0577,-0.1822,-4.8519
1785502403.881991,0.1618,-0.0,-0.0,-0.0000,0.0000,-1.0577,-0.1822,-4.8519
1785502403.986630,0.1046,-0.0,-0.0,-0.0000,0.0000,-1.0577,-0.1822,-4.8519
1785502404.048775,0.0621,-0.0,-0.0,-0.0000,0.0000,-1.0577,-0.1822,-4.8519
1785502404.106540,0.0578,-0.0,-0.0,-0.0000,0.0000,-1.0577,-0.1822,-4.8519
1785502404.206269,0.0997,-0.0,-0.0,-0.0000,0.0000,-1.0577,-0.1822,-4.8519
1785502404.243141,0.0369,-0.0,-0.0,-0.0000,0.0000,-1.0577,-0.1822,-4.8519
1785502404.326756,0.0836,-0.0,-0.0,-0.0000,0.0000,-1.0577,-0.1822,-4.8519
1785502404.557035,0.2303,-0.0,-0.0,-0.0000,0.0000,-1.0577,-0.1822,-4.8519
1785502404.748184,0.1911,-0.0,-0.0,-0.0000,0.0000,-1.0577,-0.1822,-4.8519
1785502404.840329,0.0921,-0.0,-0.0,-0.0000,0.0000,-1.0577,-0.1822,-4.8519
1785502404.957981,0.1177,-0.0,-0.0,-0.0000,0.0000,-1.0577,-0.1822,-4.8519
1785502405.027202,0.0692,-0.0,-0.0,-0.0000,0.0000,-1.0577,-0.1822,-4.8519
1785502405.132304,0.1051,-0.0,-0.0,-0.0000,0.0000,-1.0577,-0.1822,-4.8519
1785502405.224180,0.0919,-0.0,-0.0,-0.0000,0.0000,-1.0577,-0.1822,-4.8519
1785502405.321646,0.0975,-0.0,-0.0,-0.0000,0.0000,-1.0577,-0.1822,-4.8519
1785502405.384968,0.0633,-0.0,-0.0,-0.0000,0.0000,-1.0577,-0.1822,-4.8519
1785502405.451034,0.0661,-0.0,-0.0,-0.0000,0.0000,-1.0577,-0.1822,-4.8519
1785502405.500690,0.0497,-0.0,-0.0,-0.0000,0.0000,-1.0577,-0.1822,-4.8519
1785502405.551593,0.0509,-0.0,-0.0,-0.0000,0.0000,-1.0577,-0.1822,-4.8519
1785502405.622122,0.0705,-0.0,-0.0,-0.0000,0.0000,-1.0577,-0.1822,-4.8519
1785502405.657982,0.0359,-0.0,-0.0,-0.0000,0.0000,-1.0577,-0.1822,-4.8519
1785502405.706820,0.0488,-0.0,-0.0,-0.0000,0.0000,-1.0577,-0.1822,-4.8519
1785502405.744548,0.0377,-0.0,-0.0,-0.0000,0.0000,-1.0577,-0.1822,-4.8519
1785502405.845788,0.1012,-0.0,-0.0,-0.0000,0.0000,-1.0577,-0.1822,-4.8519
1785502405.978187,0.1324,-0.0,-0.0,-0.0000,0.0000,-1.0577,-0.1822,-4.8519
1785502406.072852,0.0947,-0.0,-0.0,-0.0000,0.0000,-1.0577,-0.1822,-4.8519
1785502406.147251,0.0744,-0.0,-0.0,-0.0000,0.0000,-1.0577,-0.1822,-4.8519
1785502406.248620,0.1014,-0.0,-0.0,-0.0000,0.0000,-1.0577,-0.1822,-4.8519
1785502406.349528,0.1009,-0.0,-0.0,-0.0000,0.0000,-1.0577,-0.1822,-4.8519
1785502406.475825,0.1263,-0.0,-0.0,-0.0000,0.0000,-1.0577,-0.1822,-4.8519
1785502406.572873,0.0970,-0.0,-0.0,-0.0000,0.0000,-1.0577,-0.1822,-4.8519
1785502406.662935,0.0901,-0.0,-0.0,-0.0000,0.0000,-1.0577,-0.1822,-4.8519
1785502406.792242,0.1293,-0.0,-0.0,-0.0000,0.0000,-1.0577,-0.1822,-4.8519
1785502406.863380,0.0711,-0.0,-0.0,-0.0000,0.0000,-1.0577,-0.1822,-4.8519
1785502406.967854,0.1045,-0.0,-0.0,-0.0000,0.0000,-1.0577,-0.1822,-4.8519
1785502407.059179,0.0913,-0.0,-0.0,-0.0000,0.0000,-1.0577,-0.1822,-4.8519
1785502407.161569,0.1024,-0.0,-0.0,-0.0000,0.0000,-1.0577,-0.1822,-4.8519
1785502407.259385,0.0978,-0.0,-0.0,-0.0000,0.0000,-1.0577,-0.1822,-4.8519
1785502407.360007,0.1006,-0.0,-0.0,-0.0000,0.0000,-1.0577,-0.1822,-4.8519
1785502407.458936,0.0989,-0.0,-0.0,-0.0000,0.0000,-1.0577,-0.1822,-4.8519
1785502407.586303,0.1274,-0.0,-0.0,-0.0000,0.0000,-1.0577,-0.1822,-4.8519
1785502407.683537,0.0972,-0.0,-0.0,-0.0000,0.0000,-1.0577,-0.1822,-4.8519
1785502407.780574,0.0970,-0.0,-0.0,-0.0000,0.0000,-1.0577,-0.1822,-4.8519
1785502407.872236,0.0917,-0.0,-0.0,-0.0000,0.0000,-1.0577,-0.1822,-4.8519
1785502407.966885,0.0946,-0.0,-0.0,-0.0000,0.0000,-1.0577,-0.1822,-4.8519
1785502408.067325,0.1004,-0.0,-0.0,-0.0000,0.0000,-1.0577,-0.1822,-4.8519
1785502408.184556,0.1172,-0.0,-0.0,-0.0000,0.0000,-1.0577,-0.1822,-4.8519
1785502408.269712,0.0852,-0.0,-0.0,-0.0000,0.0000,-1.0577,-0.1822,-4.8519
1785502408.370370,0.1007,-0.0,-0.0,-0.0000,0.0000,-1.0577,-0.1822,-4.8519
1785502408.474456,0.1041,-0.0,-0.0,-0.0000,0.0000,-1.0577,-0.1822,-4.8519
1785502408.586455,0.1120,-0.0,-0.0,-0.0000,0.0000,-1.0577,-0.1822,-4.8519
1785502408.695526,0.1091,-0.0,-0.0,-0.0000,0.0000,-1.0577,-0.1822,-4.8519
1785502408.786376,0.0908,-0.0,-0.0,-0.0000,0.0000,-1.0577,-0.1822,-4.8519
1785502408.892148,0.1058,-0.0,-0.0,-0.0000,0.0000,-1.0577,-0.1822,-4.8519
1785502408.981977,0.0898,-0.0,-0.0,-0.0000,0.0000,-1.0577,-0.1822,-4.8519
1785502409.085956,0.1040,-0.0,-0.0,-0.0000,0.0000,-1.0577,-0.1822,-4.8519
1785502409.183246,0.0973,-0.0,-0.0,-0.0000,0.0000,-1.0577,-0.1822,-4.8519
